Designator,Footprint,Quantity,Value,LCSC Part #
"C1_10, C1_9, C1_8, C1_7, C1_6, C1_5, C1_4, C1_3, C1_2, C1",C0402,10,100p,C106200
"C10_10, C10_9, C10_8, C10_7, C10_6, C10_5, C10_4, C10_3, C10_2, C10, C11_10, C11_9, C11_8, C11_7, C11_6, C11_5, C11_4, C11_3, C11_2, C11, C17_10, C17_9, C17_8, C17_7, C17_6, C17_5, C17_4, C17_3, C17_2, C17",C0402,30,27pF/50V,C107002
"C12_10, C12_9, C12_8, C12_7, C12_6, C12_5, C12_4, C12_3, C12_2, C12, C13_10, C13_9, C13_8, C13_7, C13_6, C13_5, C13_4, C13_3, C13_2, C13, C14_10, C14_9, C14_8, C14_7, C14_6, C14_5, C14_4, C14_3, C14_2, C14, C15_10, C15_9, C15_8, C15_7, C15_6, C15_5, C15_4, C15_3, C15_2, C15, C16_10, C16_9, C16_8, C16_7, C16_6, C16_5, C16_4, C16_3, C16_2, C16, C18_10, C18_9, C18_8, C18_7, C18_6, C18_5, C18_4, C18_3, C18_2, C18, C19_10, C19_9, C19_8, C19_7, C19_6, C19_5, C19_4, C19_3, C19_2, C19, C2_10, C2_9, C2_8, C2_7, C2_6, C2_5, C2_4, C2_3, C2_2, C2, C7_10, C7_9, C7_8, C7_7, C7_6, C7_5, C7_4, C7_3, C7_2, C7, C8_10, C8_9, C8_8, C8_7, C8_6, C8_5, C8_4, C8_3, C8_2, C8, C9_10, C9_9, C9_8, C9_7, C9_6, C9_5, C9_4, C9_3, C9_2, C9",C0402,110,100nF/16V,C1525
"C20_10, C20_9, C20_8, C20_7, C20_6, C20_5, C20_4, C20_3, C20_2, C20, C21_10, C21_9, C21_8, C21_7, C21_6, C21_5, C21_4, C21_3, C21_2, C21",C0402,20,1uF/10V,C106254
"C22_10, C22_9, C22_8, C22_7, C22_6, C22_5, C22_4, C22_3, C22_2, C22",C0402,10,1nF/50V,C106205
"C5_10, C5_9, C5_8, C5_7, C5_6, C5_5, C5_4, C5_3, C5_2, C5",C0603,10,22uF/6.3V,C59461
"C6_10, C6_9, C6_8, C6_7, C6_6, C6_5, C6_4, C6_3, C6_2, C6",C0805,10,10uF/50V,C2932476
"D1_10, D1_9, D1_8, D1_7, D1_6, D1_5, D1_4, D1_3, D1_2, D1",SMA_L4.4-W2.6-LS5.0-RD,10,SMAJ24A,C90510
"D2_10, D2_9, D2_8, D2_7, D2_6, D2_5, D2_4, D2_3, D2_2, D2",SOD-323_L1.7-W1.3-LS2.5-BI,10,3.3V ESD,C46551335
"F1_10, F1_9, F1_8, F1_7, F1_6, F1_5, F1_4, F1_3, F1_2, F1",F0603,10,PTC(40R),C2687114
"L1_10, L1_9, L1_8, L1_7, L1_6, L1_5, L1_4, L1_3, L1_2, L1",IND-SMD_L3.0-W3.0_SWPA3010S,10,10uH/920mA,C45403
"Q1_10, Q1_9, Q1_8, Q1_7, Q1_6, Q1_5, Q1_4, Q1_3, Q1_2, Q1",SOT-23,10,MMBT3906,C727128
"R1_10, R1_9, R1_8, R1_7, R1_6, R1_5, R1_4, R1_3, R1_2, R1",R0402,10,75K,C144737
"R10_10, R10_9, R10_8, R10_7, R10_6, R10_5, R10_4, R10_3, R10_2, R10, R11_10, R11_9, R11_8, R11_7, R11_6, R11_5, R11_4, R11_3, R11_2, R11, R12_10, R12_9, R12_8, R12_7, R12_6, R12_5, R12_4, R12_3, R12_2, R12, R13_10, R13_9, R13_8, R13_7, R13_6, R13_5, R13_4, R13_3, R13_2, R13, R17_10, R17_9, R17_8, R17_7, R17_6, R17_5, R17_4, R17_3, R17_2, R17, R18_10, R18_9, R18_8, R18_7, R18_6, R18_5, R18_4, R18_3, R18_2, R18, R2_10, R2_9, R2_8, R2_7, R2_6, R2_5, R2_4, R2_3, R2_2, R2, R21_10, R21_9, R21_8, R21_7, R21_6, R21_5, R21_4, R21_3, R21_2, R21, R22_10, R22_9, R22_8, R22_7, R22_6, R22_5, R22_4, R22_3, R22_2, R22, R23_10, R23_9, R23_8, R23_7, R23_6, R23_5, R23_4, R23_3, R23_2, R23, R24_10, R24_9, R24_8, R24_7, R24_6, R24_5, R24_4, R24_3, R24_2, R24, R25_10, R25_9, R25_8, R25_7, R25_6, R25_5, R25_4, R25_3, R25_2, R25, R26_10, R26_9, R26_8, R26_7, R26_6, R26_5, R26_4, R26_3, R26_2, R26",R0402,130,51R,C137960
"R14_10, R14_9, R14_8, R14_7, R14_6, R14_5, R14_4, R14_3, R14_2, R14",R0402,10,1K,C11702
"R15_10, R15_9, R15_8, R15_7, R15_6, R15_5, R15_4, R15_3, R15_2, R15, R16_10, R16_9, R16_8, R16_7, R16_6, R16_5, R16_4, R16_3, R16_2, R16, R19_10, R19_9, R19_8, R19_7, R19_6, R19_5, R19_4, R19_3, R19_2, R19, R27_10, R27_9, R27_8, R27_7, R27_6, R27_5, R27_4, R27_3, R27_2, R27, R28_10, R28_9, R28_8, R28_7, R28_6, R28_5, R28_4, R28_3, R28_2, R28, R30_10, R30_9, R30_8, R30_7, R30_6, R30_5, R30_4, R30_3, R30_2, R30, R31_10, R31_9, R31_8, R31_7, R31_6, R31_5, R31_4, R31_3, R31_2, R31, R7_10, R7_9, R7_8, R7_7, R7_6, R7_5, R7_4, R7_3, R7_2, R7, R8_10, R8_9, R8_8, R8_7, R8_6, R8_5, R8_4, R8_3, R8_2, R8",R0402,90,10K,C25744
"R29_10, R29_9, R29_8, R29_7, R29_6, R29_5, R29_4, R29_3, R29_2, R29",R0402,10,20k,C25765
"R3_10, R3_9, R3_8, R3_7, R3_6, R3_5, R3_4, R3_3, R3_2, R3",R0402,10,100K,C25741
"R32_10, R32_9, R32_8, R32_7, R32_6, R32_5, R32_4, R32_3, R32_2, R32, R9_10, R9_9, R9_8, R9_7, R9_6, R9_5, R9_4, R9_3, R9_2, R9",R0402,20,0R,C60485
"R4_10, R4_9, R4_8, R4_7, R4_6, R4_5, R4_4, R4_3, R4_2, R4",R0402,10,30K,C25776
"R5_10, R5_9, R5_8, R5_7, R5_6, R5_5, R5_4, R5_3, R5_2, R5",R0603,10,100R,C110091
"R6_10, R6_9, R6_8, R6_7, R6_6, R6_5, R6_4, R6_3, R6_2, R6",R0402,10,24K,C138026
"U1_10, U1_9, U1_8, U1_7, U1_6, U1_5, U1_4, U1_3, U1_2, U1",SOT-23-6_L2.9-W1.6-P0.95-LS2.8-BR,10,ETA2845S2G_C22362741,C22362741
"U2_10, U2_9, U2_8, U2_7, U2_6, U2_5, U2_4, U2_3, U2_2, U2",LQFP-48_L7.0-W7.0-P0.50-LS9.0-BL,10,GD32F303CCT6,C116151
"U3_10, U3_9, U3_8, U3_7, U3_6, U3_5, U3_4, U3_3, U3_2, U3",LGA-14_L3.0-W2.5-P0.50-BR,10,LSM6DSV16XTR,C5267406
"U4_10, U4_9, U4_8, U4_7, U4_6, U4_5, U4_4, U4_3, U4_2, U4",SOT-23-5,10,SN74LVC1G126DBVR,C46472327
"U5_10, U5_9, U5_8, U5_7, U5_6, U5_5, U5_4, U5_3, U5_2, U5",SOT-23-5,10,SN74LVC1G125DBV,C3040625
"U6_10, U6_9, U6_8, U6_7, U6_6, U6_5, U6_4, U6_3, U6_2, U6",SOT-23-5_L3.0-W1.7-P0.95-LS2.8-BR,10,ME6211C18M5G-N,C236671
"X1_10, X1_9, X1_8, X1_7, X1_6, X1_5, X1_4, X1_3, X1_2, X1",CRYSTAL-SMD_4P-L3.2-W2.5-BL,10,XL2EL89CSI-111YLC-12M,C5280576
