Designator,Mid X,Mid Y,Rotation,Layer
C1_10,145.27,-145.4,0.0,top
C1_9,116.57,-145.4,0.0,top
C1_8,87.87,-145.4,0.0,top
C1_7,59.17,-145.4,0.0,top
C1_6,173.97,-113.6,0.0,top
C1_5,145.27,-113.6,0.0,top
C1_4,116.57,-113.6,0.0,top
C1_3,87.87,-113.6,0.0,top
C1_2,59.17,-113.6,0.0,top
C1,173.97,-145.4,0.0,top
C10_10,158.0601,-161.6099,0.0,top
C10_9,129.3601,-161.6099,0.0,top
C10_8,100.6601,-161.6099,0.0,top
C10_7,71.9601,-161.6099,0.0,top
C10_6,186.7601,-129.8099,0.0,top
C10_5,158.0601,-129.8099,0.0,top
C10_4,129.3601,-129.8099,0.0,top
C10_3,100.6601,-129.8099,0.0,top
C10_2,71.9601,-129.8099,0.0,top
C10,186.7601,-161.6099,0.0,top
C11_10,158.4,-155.79,180.0,top
C11_9,129.7,-155.79,180.0,top
C11_8,101.0,-155.79,180.0,top
C11_7,72.3,-155.79,180.0,top
C11_6,187.1,-123.99,180.0,top
C11_5,158.4,-123.99,180.0,top
C11_4,129.7,-123.99,180.0,top
C11_3,101.0,-123.99,180.0,top
C11_2,72.3,-123.99,180.0,top
C11,187.1,-155.79,180.0,top
C12_10,146.8,-150.05,0.0,top
C12_9,118.1,-150.05,0.0,top
C12_8,89.4,-150.05,0.0,top
C12_7,60.7,-150.05,0.0,top
C12_6,175.5,-118.25,0.0,top
C12_5,146.8,-118.25,0.0,top
C12_4,118.1,-118.25,0.0,top
C12_3,89.4,-118.25,0.0,top
C12_2,60.7,-118.25,0.0,top
C12,175.5,-150.05,0.0,top
C13_10,142.1,-158.3,180.0,top
C13_9,113.4,-158.3,180.0,top
C13_8,84.7,-158.3,180.0,top
C13_7,56.0,-158.3,180.0,top
C13_6,170.8,-126.5,180.0,top
C13_5,142.1,-126.5,180.0,top
C13_4,113.4,-126.5,180.0,top
C13_3,84.7,-126.5,180.0,top
C13_2,56.0,-126.5,180.0,top
C13,170.8,-158.3,180.0,top
C14_10,153.87,-162.14,0.0,top
C14_9,125.17,-162.14,0.0,top
C14_8,96.47,-162.14,0.0,top
C14_7,67.77,-162.14,0.0,top
C14_6,182.57,-130.34,0.0,top
C14_5,153.87,-130.34,0.0,top
C14_4,125.17,-130.34,0.0,top
C14_3,96.47,-130.34,0.0,top
C14_2,67.77,-130.34,0.0,top
C14,182.57,-162.14,0.0,top
C15_10,151.54,-146.07,0.0,top
C15_9,122.84,-146.07,0.0,top
C15_8,94.14,-146.07,0.0,top
C15_7,65.44,-146.07,0.0,top
C15_6,180.24,-114.27,0.0,top
C15_5,151.54,-114.27,0.0,top
C15_4,122.84,-114.27,0.0,top
C15_3,94.14,-114.27,0.0,top
C15_2,65.44,-114.27,0.0,top
C15,180.24,-146.07,0.0,top
C16_10,150.39,-142.56,90.0,top
C16_9,121.69,-142.56,90.0,top
C16_8,92.99,-142.56,90.0,top
C16_7,64.29,-142.56,90.0,top
C16_6,179.09,-110.76,90.0,top
C16_5,150.39,-110.76,90.0,top
C16_4,121.69,-110.76,90.0,top
C16_3,92.99,-110.76,90.0,top
C16_2,64.29,-110.76,90.0,top
C16,179.09,-142.56,90.0,top
C17_10,155.7272,-144.14,180.0,top
C17_9,127.0272,-144.14,180.0,top
C17_8,98.3272,-144.14,180.0,top
C17_7,69.6272,-144.14,180.0,top
C17_6,184.4272,-112.34,180.0,top
C17_5,155.7272,-112.34,180.0,top
C17_4,127.0272,-112.34,180.0,top
C17_3,98.3272,-112.34,180.0,top
C17_2,69.6272,-112.34,180.0,top
C17,184.4272,-144.14,180.0,top
C18_10,161.73,-152.69,180.0,top
C18_9,133.03,-152.69,180.0,top
C18_8,104.33,-152.69,180.0,top
C18_7,75.63,-152.69,180.0,top
C18_6,190.43,-120.89,180.0,top
C18_5,161.73,-120.89,180.0,top
C18_4,133.03,-120.89,180.0,top
C18_3,104.33,-120.89,180.0,top
C18_2,75.63,-120.89,180.0,top
C18,190.43,-152.69,180.0,top
C19_10,162.5,-143.57,0.0,top
C19_9,133.8,-143.57,0.0,top
C19_8,105.1,-143.57,0.0,top
C19_7,76.4,-143.57,0.0,top
C19_6,191.2,-111.77,0.0,top
C19_5,162.5,-111.77,0.0,top
C19_4,133.8,-111.77,0.0,top
C19_3,105.1,-111.77,0.0,top
C19_2,76.4,-111.77,0.0,top
C19,191.2,-143.57,0.0,top
C2_10,144.05,-147.2599,90.0,top
C2_9,115.35,-147.2599,90.0,top
C2_8,86.65,-147.2599,90.0,top
C2_7,57.95,-147.2599,90.0,top
C2_6,172.75,-115.4599,90.0,top
C2_5,144.05,-115.4599,90.0,top
C2_4,115.35,-115.4599,90.0,top
C2_3,86.65,-115.4599,90.0,top
C2_2,57.95,-115.4599,90.0,top
C2,172.75,-147.2599,90.0,top
C20_10,148.15,-148.7,180.0,top
C20_9,119.45,-148.7,180.0,top
C20_8,90.75,-148.7,180.0,top
C20_7,62.05,-148.7,180.0,top
C20_6,176.85,-116.9,180.0,top
C20_5,148.15,-116.9,180.0,top
C20_4,119.45,-116.9,180.0,top
C20_3,90.75,-116.9,180.0,top
C20_2,62.05,-116.9,180.0,top
C20,176.85,-148.7,180.0,top
C21_10,148.74,-142.96,180.0,top
C21_9,120.04,-142.96,180.0,top
C21_8,91.34,-142.96,180.0,top
C21_7,62.64,-142.96,180.0,top
C21_6,177.44,-111.16,180.0,top
C21_5,148.74,-111.16,180.0,top
C21_4,120.04,-111.16,180.0,top
C21_3,91.34,-111.16,180.0,top
C21_2,62.64,-111.16,180.0,top
C21,177.44,-142.96,180.0,top
C22_10,163.6799,-154.11,0.0,top
C22_9,134.9799,-154.11,0.0,top
C22_8,106.2799,-154.11,0.0,top
C22_7,77.5799,-154.11,0.0,top
C22_6,192.3799,-122.31,0.0,top
C22_5,163.6799,-122.31,0.0,top
C22_4,134.9799,-122.31,0.0,top
C22_3,106.2799,-122.31,0.0,top
C22_2,77.5799,-122.31,0.0,top
C22,192.3799,-154.11,0.0,top
C5_10,141.26,-151.32,0.0,top
C5_9,112.56,-151.32,0.0,top
C5_8,83.86,-151.32,0.0,top
C5_7,55.16,-151.32,0.0,top
C5_6,169.96,-119.52,0.0,top
C5_5,141.26,-119.52,0.0,top
C5_4,112.56,-119.52,0.0,top
C5_3,83.86,-119.52,0.0,top
C5_2,55.16,-119.52,0.0,top
C5,169.96,-151.32,0.0,top
C6_10,141.78,-141.9,180.0,top
C6_9,113.08,-141.9,180.0,top
C6_8,84.38,-141.9,180.0,top
C6_7,55.68,-141.9,180.0,top
C6_6,170.48,-110.1,180.0,top
C6_5,141.78,-110.1,180.0,top
C6_4,113.08,-110.1,180.0,top
C6_3,84.38,-110.1,180.0,top
C6_2,55.68,-110.1,180.0,top
C6,170.48,-141.9,180.0,top
C7_10,155.2,-160.5,90.0,top
C7_9,126.5,-160.5,90.0,top
C7_8,97.8,-160.5,90.0,top
C7_7,69.1,-160.5,90.0,top
C7_6,183.9,-128.7,90.0,top
C7_5,155.2,-128.7,90.0,top
C7_4,126.5,-128.7,90.0,top
C7_3,97.8,-128.7,90.0,top
C7_2,69.1,-128.7,90.0,top
C7,183.9,-160.5,90.0,top
C8_10,155.85,-155.59,0.0,top
C8_9,127.15,-155.59,0.0,top
C8_8,98.45,-155.59,0.0,top
C8_7,69.75,-155.59,0.0,top
C8_6,184.55,-123.79,0.0,top
C8_5,155.85,-123.79,0.0,top
C8_4,127.15,-123.79,0.0,top
C8_3,98.45,-123.79,0.0,top
C8_2,69.75,-123.79,0.0,top
C8,184.55,-155.59,0.0,top
C9_10,155.9429,-152.2,180.0,top
C9_9,127.2429,-152.2,180.0,top
C9_8,98.5429,-152.2,180.0,top
C9_7,69.8429,-152.2,180.0,top
C9_6,184.6429,-120.4,180.0,top
C9_5,155.9429,-120.4,180.0,top
C9_4,127.2429,-120.4,180.0,top
C9_3,98.5429,-120.4,180.0,top
C9_2,69.8429,-120.4,180.0,top
C9,184.6429,-152.2,180.0,top
CN1_10,152.5174,-136.70015,0.0,top
CN1_9,123.8174,-136.70015,0.0,top
CN1_8,95.1174,-136.70015,0.0,top
CN1_7,66.4174,-136.70015,0.0,top
CN1_6,181.2174,-104.90015,0.0,top
CN1_5,152.5174,-104.90015,0.0,top
CN1_4,123.8174,-104.90015,0.0,top
CN1_3,95.1174,-104.90015,0.0,top
CN1_2,66.4174,-104.90015,0.0,top
CN1,181.2174,-136.70015,0.0,top
CN2_10,152.65,-138.62,0.0,top
CN2_9,123.95,-138.62,0.0,top
CN2_8,95.25,-138.62,0.0,top
CN2_7,66.55,-138.62,0.0,top
CN2_6,181.35,-106.82,0.0,top
CN2_5,152.65,-106.82,0.0,top
CN2_4,123.95,-106.82,0.0,top
CN2_3,95.25,-106.82,0.0,top
CN2_2,66.55,-106.82,0.0,top
CN2,181.35,-138.62,0.0,top
D1_10,145.48,-139.09,90.0,top
D1_9,116.78,-139.09,90.0,top
D1_8,88.08,-139.09,90.0,top
D1_7,59.38,-139.09,90.0,top
D1_6,174.18,-107.29,90.0,top
D1_5,145.48,-107.29,90.0,top
D1_4,116.78,-107.29,90.0,top
D1_3,88.08,-107.29,90.0,top
D1_2,59.38,-107.29,90.0,top
D1,174.18,-139.09,90.0,top
D2_10,160.54,-141.94,90.0,top
D2_9,131.84,-141.94,90.0,top
D2_8,103.14,-141.94,90.0,top
D2_7,74.44,-141.94,90.0,top
D2_6,189.24,-110.14,90.0,top
D2_5,160.54,-110.14,90.0,top
D2_4,131.84,-110.14,90.0,top
D2_3,103.14,-110.14,90.0,top
D2_2,74.44,-110.14,90.0,top
D2,189.24,-141.94,90.0,top
F1_10,159.16,-140.0,270.0,top
F1_9,130.46,-140.0,270.0,top
F1_8,101.76,-140.0,270.0,top
F1_7,73.06,-140.0,270.0,top
F1_6,187.86,-108.2,270.0,top
F1_5,159.16,-108.2,270.0,top
F1_4,130.46,-108.2,270.0,top
F1_3,101.76,-108.2,270.0,top
F1_2,73.06,-108.2,270.0,top
F1,187.86,-140.0,270.0,top
L1_10,141.62,-148.46,90.0,top
L1_9,112.92,-148.46,90.0,top
L1_8,84.22,-148.46,90.0,top
L1_7,55.52,-148.46,90.0,top
L1_6,170.32,-116.66,90.0,top
L1_5,141.62,-116.66,90.0,top
L1_4,112.92,-116.66,90.0,top
L1_3,84.22,-116.66,90.0,top
L1_2,55.52,-116.66,90.0,top
L1,170.32,-148.46,90.0,top
Q1_10,162.25,-157.59,270.0,top
Q1_9,133.55,-157.59,270.0,top
Q1_8,104.85,-157.59,270.0,top
Q1_7,76.15,-157.59,270.0,top
Q1_6,190.95,-125.79,270.0,top
Q1_5,162.25,-125.79,270.0,top
Q1_4,133.55,-125.79,270.0,top
Q1_3,104.85,-125.79,270.0,top
Q1_2,76.15,-125.79,270.0,top
Q1,190.95,-157.59,270.0,top
R1_10,145.28,-144.23,0.0,top
R1_9,116.58,-144.23,0.0,top
R1_8,87.88,-144.23,0.0,top
R1_7,59.18,-144.23,0.0,top
R1_6,173.98,-112.43,0.0,top
R1_5,145.28,-112.43,0.0,top
R1_4,116.58,-112.43,0.0,top
R1_3,87.88,-112.43,0.0,top
R1_2,59.18,-112.43,0.0,top
R1,173.98,-144.23,0.0,top
R10_10,157.9,-163.0,180.0,top
R10_9,129.2,-163.0,180.0,top
R10_8,100.5,-163.0,180.0,top
R10_7,71.8,-163.0,180.0,top
R10_6,186.6,-131.2,180.0,top
R10_5,157.9,-131.2,180.0,top
R10_4,129.2,-131.2,180.0,top
R10_3,100.5,-131.2,180.0,top
R10_2,71.8,-131.2,180.0,top
R10,186.6,-163.0,180.0,top
R11_10,155.9,-163.0,180.0,top
R11_9,127.2,-163.0,180.0,top
R11_8,98.5,-163.0,180.0,top
R11_7,69.8,-163.0,180.0,top
R11_6,184.6,-131.2,180.0,top
R11_5,155.9,-131.2,180.0,top
R11_4,127.2,-131.2,180.0,top
R11_3,98.5,-131.2,180.0,top
R11_2,69.8,-131.2,180.0,top
R11,184.6,-163.0,180.0,top
R12_10,145.5,-162.6,270.0,top
R12_9,116.8,-162.6,270.0,top
R12_8,88.1,-162.6,270.0,top
R12_7,59.4,-162.6,270.0,top
R12_6,174.2,-130.8,270.0,top
R12_5,145.5,-130.8,270.0,top
R12_4,116.8,-130.8,270.0,top
R12_3,88.1,-130.8,270.0,top
R12_2,59.4,-130.8,270.0,top
R12,174.2,-162.6,270.0,top
R13_10,146.6,-162.6,270.0,top
R13_9,117.9,-162.6,270.0,top
R13_8,89.2,-162.6,270.0,top
R13_7,60.5,-162.6,270.0,top
R13_6,175.3,-130.8,270.0,top
R13_5,146.6,-130.8,270.0,top
R13_4,117.9,-130.8,270.0,top
R13_3,89.2,-130.8,270.0,top
R13_2,60.5,-130.8,270.0,top
R13,175.3,-162.6,270.0,top
R14_10,158.0872,-154.09,0.0,top
R14_9,129.3872,-154.09,0.0,top
R14_8,100.6872,-154.09,0.0,top
R14_7,71.9872,-154.09,0.0,top
R14_6,186.7872,-122.29,0.0,top
R14_5,158.0872,-122.29,0.0,top
R14_4,129.3872,-122.29,0.0,top
R14_3,100.6872,-122.29,0.0,top
R14_2,71.9872,-122.29,0.0,top
R14,186.7872,-154.09,0.0,top
R15_10,144.4,-162.6372,270.0,top
R15_9,115.7,-162.6372,270.0,top
R15_8,87.0,-162.6372,270.0,top
R15_7,58.3,-162.6372,270.0,top
R15_6,173.1,-130.8372,270.0,top
R15_5,144.4,-130.8372,270.0,top
R15_4,115.7,-130.8372,270.0,top
R15_3,87.0,-130.8372,270.0,top
R15_2,58.3,-130.8372,270.0,top
R15,173.1,-162.6372,270.0,top
R16_10,147.68,-162.6,270.0,top
R16_9,118.98,-162.6,270.0,top
R16_8,90.28,-162.6,270.0,top
R16_7,61.58,-162.6,270.0,top
R16_6,176.38,-130.8,270.0,top
R16_5,147.68,-130.8,270.0,top
R16_4,118.98,-130.8,270.0,top
R16_3,90.28,-130.8,270.0,top
R16_2,61.58,-130.8,270.0,top
R16,176.38,-162.6,270.0,top
R17_10,142.02,-155.5,180.0,top
R17_9,113.32,-155.5,180.0,top
R17_8,84.62,-155.5,180.0,top
R17_7,55.92,-155.5,180.0,top
R17_6,170.72,-123.7,180.0,top
R17_5,142.02,-123.7,180.0,top
R17_4,113.32,-123.7,180.0,top
R17_3,84.62,-123.7,180.0,top
R17_2,55.92,-123.7,180.0,top
R17,170.72,-155.5,180.0,top
R18_10,142.02,-156.9,180.0,top
R18_9,113.32,-156.9,180.0,top
R18_8,84.62,-156.9,180.0,top
R18_7,55.92,-156.9,180.0,top
R18_6,170.72,-125.1,180.0,top
R18_5,142.02,-125.1,180.0,top
R18_4,113.32,-125.1,180.0,top
R18_3,84.62,-125.1,180.0,top
R18_2,55.92,-125.1,180.0,top
R18,170.72,-156.9,180.0,top
R19_10,152.4,-162.65,90.0,top
R19_9,123.7,-162.65,90.0,top
R19_8,95.0,-162.65,90.0,top
R19_7,66.3,-162.65,90.0,top
R19_6,181.1,-130.85,90.0,top
R19_5,152.4,-130.85,90.0,top
R19_4,123.7,-130.85,90.0,top
R19_3,95.0,-130.85,90.0,top
R19_2,66.3,-130.85,90.0,top
R19,181.1,-162.65,90.0,top
R2_10,145.19,-147.2099,270.0,top
R2_9,116.49,-147.2099,270.0,top
R2_8,87.79,-147.2099,270.0,top
R2_7,59.09,-147.2099,270.0,top
R2_6,173.89,-115.4099,270.0,top
R2_5,145.19,-115.4099,270.0,top
R2_4,116.49,-115.4099,270.0,top
R2_3,87.79,-115.4099,270.0,top
R2_2,59.09,-115.4099,270.0,top
R2,173.89,-147.2099,270.0,top
R21_10,155.7,-145.29,180.0,top
R21_9,127.0,-145.29,180.0,top
R21_8,98.3,-145.29,180.0,top
R21_7,69.6,-145.29,180.0,top
R21_6,184.4,-113.49,180.0,top
R21_5,155.7,-113.49,180.0,top
R21_4,127.0,-113.49,180.0,top
R21_3,98.3,-113.49,180.0,top
R21_2,69.6,-113.49,180.0,top
R21,184.4,-145.29,180.0,top
R22_10,155.73,-143.06,180.0,top
R22_9,127.03,-143.06,180.0,top
R22_8,98.33,-143.06,180.0,top
R22_7,69.63,-143.06,180.0,top
R22_6,184.43,-111.26,180.0,top
R22_5,155.73,-111.26,180.0,top
R22_4,127.03,-111.26,180.0,top
R22_3,98.33,-111.26,180.0,top
R22_2,69.63,-111.26,180.0,top
R22,184.43,-143.06,180.0,top
R23_10,157.75,-147.5,90.0,top
R23_9,129.05,-147.5,90.0,top
R23_8,100.35,-147.5,90.0,top
R23_7,71.65,-147.5,90.0,top
R23_6,186.45,-115.7,90.0,top
R23_5,157.75,-115.7,90.0,top
R23_4,129.05,-115.7,90.0,top
R23_3,100.35,-115.7,90.0,top
R23_2,71.65,-115.7,90.0,top
R23,186.45,-147.5,90.0,top
R24_10,156.59,-147.5,90.0,top
R24_9,127.89,-147.5,90.0,top
R24_8,99.19,-147.5,90.0,top
R24_7,70.49,-147.5,90.0,top
R24_6,185.29,-115.7,90.0,top
R24_5,156.59,-115.7,90.0,top
R24_4,127.89,-115.7,90.0,top
R24_3,99.19,-115.7,90.0,top
R24_2,70.49,-115.7,90.0,top
R24,185.29,-147.5,90.0,top
R25_10,155.44,-147.5172,90.0,top
R25_9,126.74,-147.5172,90.0,top
R25_8,98.04,-147.5172,90.0,top
R25_7,69.34,-147.5172,90.0,top
R25_6,184.14,-115.7172,90.0,top
R25_5,155.44,-115.7172,90.0,top
R25_4,126.74,-115.7172,90.0,top
R25_3,98.04,-115.7172,90.0,top
R25_2,69.34,-115.7172,90.0,top
R25,184.14,-147.5172,90.0,top
R26_10,154.14,-146.35,90.0,top
R26_9,125.44,-146.35,90.0,top
R26_8,96.74,-146.35,90.0,top
R26_7,68.04,-146.35,90.0,top
R26_6,182.84,-114.55,90.0,top
R26_5,154.14,-114.55,90.0,top
R26_4,125.44,-114.55,90.0,top
R26_3,96.74,-114.55,90.0,top
R26_2,68.04,-114.55,90.0,top
R26,182.84,-146.35,90.0,top
R27_10,159.05,-152.44,270.0,top
R27_9,130.35,-152.44,270.0,top
R27_8,101.65,-152.44,270.0,top
R27_7,72.95,-152.44,270.0,top
R27_6,187.75,-120.64,270.0,top
R27_5,159.05,-120.64,270.0,top
R27_4,130.35,-120.64,270.0,top
R27_3,101.65,-120.64,270.0,top
R27_2,72.95,-120.64,270.0,top
R27,187.75,-152.44,270.0,top
R28_10,160.29,-153.05,270.0,top
R28_9,131.59,-153.05,270.0,top
R28_8,102.89,-153.05,270.0,top
R28_7,74.19,-153.05,270.0,top
R28_6,188.99,-121.25,270.0,top
R28_5,160.29,-121.25,270.0,top
R28_4,131.59,-121.25,270.0,top
R28_3,102.89,-121.25,270.0,top
R28_2,74.19,-121.25,270.0,top
R28,188.99,-153.05,270.0,top
R29_10,163.6499,-152.98,0.0,top
R29_9,134.9499,-152.98,0.0,top
R29_8,106.2499,-152.98,0.0,top
R29_7,77.5499,-152.98,0.0,top
R29_6,192.3499,-121.18,0.0,top
R29_5,163.6499,-121.18,0.0,top
R29_4,134.9499,-121.18,0.0,top
R29_3,106.2499,-121.18,0.0,top
R29_2,77.5499,-121.18,0.0,top
R29,192.3499,-152.98,0.0,top
R3_10,144.02,-149.6672,90.0,top
R3_9,115.32,-149.6672,90.0,top
R3_8,86.62,-149.6672,90.0,top
R3_7,57.92,-149.6672,90.0,top
R3_6,172.72,-117.8672,90.0,top
R3_5,144.02,-117.8672,90.0,top
R3_4,115.32,-117.8672,90.0,top
R3_3,86.62,-117.8672,90.0,top
R3_2,57.92,-117.8672,90.0,top
R3,172.72,-149.6672,90.0,top
R30_10,159.17,-150.2,270.0,top
R30_9,130.47,-150.2,270.0,top
R30_8,101.77,-150.2,270.0,top
R30_7,73.07,-150.2,270.0,top
R30_6,187.87,-118.4,270.0,top
R30_5,159.17,-118.4,270.0,top
R30_4,130.47,-118.4,270.0,top
R30_3,101.77,-118.4,270.0,top
R30_2,73.07,-118.4,270.0,top
R30,187.87,-150.2,270.0,top
R31_10,164.0247,-142.2926,0.0,top
R31_9,135.3247,-142.2926,0.0,top
R31_8,106.6247,-142.2926,0.0,top
R31_7,77.9247,-142.2926,0.0,top
R31_6,192.7247,-110.4926,0.0,top
R31_5,164.0247,-110.4926,0.0,top
R31_4,135.3247,-110.4926,0.0,top
R31_3,106.6247,-110.4926,0.0,top
R31_2,77.9247,-110.4926,0.0,top
R31,192.7247,-142.2926,0.0,top
R32_10,151.42,-147.32,0.0,top
R32_9,122.72,-147.32,0.0,top
R32_8,94.02,-147.32,0.0,top
R32_7,65.32,-147.32,0.0,top
R32_6,180.12,-115.52,0.0,top
R32_5,151.42,-115.52,0.0,top
R32_4,122.72,-115.52,0.0,top
R32_3,94.02,-115.52,0.0,top
R32_2,65.32,-115.52,0.0,top
R32,180.12,-147.32,0.0,top
R4_10,145.16,-149.22,90.0,top
R4_9,116.46,-149.22,90.0,top
R4_8,87.76,-149.22,90.0,top
R4_7,59.06,-149.22,90.0,top
R4_6,173.86,-117.42,90.0,top
R4_5,145.16,-117.42,90.0,top
R4_4,116.46,-117.42,90.0,top
R4_3,87.76,-117.42,90.0,top
R4_2,59.06,-117.42,90.0,top
R4,173.86,-149.22,90.0,top
R5_10,162.15,-141.56,270.0,top
R5_9,133.45,-141.56,270.0,top
R5_8,104.75,-141.56,270.0,top
R5_7,76.05,-141.56,270.0,top
R5_6,190.85,-109.76,270.0,top
R5_5,162.15,-109.76,270.0,top
R5_4,133.45,-109.76,270.0,top
R5_3,104.75,-109.76,270.0,top
R5_2,76.05,-109.76,270.0,top
R5,190.85,-141.56,270.0,top
R6_10,145.28,-143.0184,180.0,top
R6_9,116.58,-143.0184,180.0,top
R6_8,87.88,-143.0184,180.0,top
R6_7,59.18,-143.0184,180.0,top
R6_6,173.98,-111.2184,180.0,top
R6_5,145.28,-111.2184,180.0,top
R6_4,116.58,-111.2184,180.0,top
R6_3,87.88,-111.2184,180.0,top
R6_2,59.18,-111.2184,180.0,top
R6,173.98,-143.0184,180.0,top
R7_10,159.8328,-163.0,180.0,top
R7_9,131.1328,-163.0,180.0,top
R7_8,102.4328,-163.0,180.0,top
R7_7,73.7328,-163.0,180.0,top
R7_6,188.5328,-131.2,180.0,top
R7_5,159.8328,-131.2,180.0,top
R7_4,131.1328,-131.2,180.0,top
R7_3,102.4328,-131.2,180.0,top
R7_2,73.7328,-131.2,180.0,top
R7,188.5328,-163.0,180.0,top
R8_10,155.98,-154.43,0.0,top
R8_9,127.28,-154.43,0.0,top
R8_8,98.58,-154.43,0.0,top
R8_7,69.88,-154.43,0.0,top
R8_6,184.68,-122.63,0.0,top
R8_5,155.98,-122.63,0.0,top
R8_4,127.28,-122.63,0.0,top
R8_3,98.58,-122.63,0.0,top
R8_2,69.88,-122.63,0.0,top
R8,184.68,-154.43,0.0,top
R9_10,156.0,-153.33,0.0,top
R9_9,127.3,-153.33,0.0,top
R9_8,98.6,-153.33,0.0,top
R9_7,69.9,-153.33,0.0,top
R9_6,184.7,-121.53,0.0,top
R9_5,156.0,-121.53,0.0,top
R9_4,127.3,-121.53,0.0,top
R9_3,98.6,-121.53,0.0,top
R9_2,69.9,-121.53,0.0,top
R9,184.7,-153.33,0.0,top
U1_10,142.0,-144.77595,180.0,top
U1_9,113.3,-144.77595,180.0,top
U1_8,84.6,-144.77595,180.0,top
U1_7,55.9,-144.77595,180.0,top
U1_6,170.7,-112.97595,180.0,top
U1_5,142.0,-112.97595,180.0,top
U1_4,113.3,-112.97595,180.0,top
U1_3,84.6,-112.97595,180.0,top
U1_2,55.9,-112.97595,180.0,top
U1,170.7,-144.77595,180.0,top
U2_10,149.43,-156.33,0.0,top
U2_9,120.73,-156.33,0.0,top
U2_8,92.03,-156.33,0.0,top
U2_7,63.33,-156.33,0.0,top
U2_6,178.13,-124.53,0.0,top
U2_5,149.43,-124.53,0.0,top
U2_4,120.73,-124.53,0.0,top
U2_3,92.03,-124.53,0.0,top
U2_2,63.33,-124.53,0.0,top
U2,178.13,-156.33,0.0,top
U3_10,152.4699,-143.47985,90.0,top
U3_9,123.7699,-143.47985,90.0,top
U3_8,95.0699,-143.47985,90.0,top
U3_7,66.3699,-143.47985,90.0,top
U3_6,181.1699,-111.67985,90.0,top
U3_5,152.4699,-111.67985,90.0,top
U3_4,123.7699,-111.67985,90.0,top
U3_3,95.0699,-111.67985,90.0,top
U3_2,66.3699,-111.67985,90.0,top
U3,181.1699,-143.47985,90.0,top
U4_10,161.99,-145.8,180.0,top
U4_9,133.29,-145.8,180.0,top
U4_8,104.59,-145.8,180.0,top
U4_7,75.89,-145.8,180.0,top
U4_6,190.69,-114.0,180.0,top
U4_5,161.99,-114.0,180.0,top
U4_4,133.29,-114.0,180.0,top
U4_3,104.59,-114.0,180.0,top
U4_2,75.89,-114.0,180.0,top
U4,190.69,-145.8,180.0,top
U5_10,161.81,-150.3125,90.0,top
U5_9,133.11,-150.3125,90.0,top
U5_8,104.41,-150.3125,90.0,top
U5_7,75.71,-150.3125,90.0,top
U5_6,190.51,-118.5125,90.0,top
U5_5,161.81,-118.5125,90.0,top
U5_4,133.11,-118.5125,90.0,top
U5_3,104.41,-118.5125,90.0,top
U5_2,75.71,-118.5125,90.0,top
U5,190.51,-150.3125,90.0,top
U6_10,148.68,-145.6101,90.0,top
U6_9,119.98,-145.6101,90.0,top
U6_8,91.28,-145.6101,90.0,top
U6_7,62.58,-145.6101,90.0,top
U6_6,177.38,-113.8101,90.0,top
U6_5,148.68,-113.8101,90.0,top
U6_4,119.98,-113.8101,90.0,top
U6_3,91.28,-113.8101,90.0,top
U6_2,62.58,-113.8101,90.0,top
U6,177.38,-145.6101,90.0,top
X1_10,157.4358,-158.6757,90.0,top
X1_9,128.7358,-158.6757,90.0,top
X1_8,100.0358,-158.6757,90.0,top
X1_7,71.3358,-158.6757,90.0,top
X1_6,186.1358,-126.8757,90.0,top
X1_5,157.4358,-126.8757,90.0,top
X1_4,128.7358,-126.8757,90.0,top
X1_3,100.0358,-126.8757,90.0,top
X1_2,71.3358,-126.8757,90.0,top
X1,186.1358,-158.6757,90.0,top
